[
  {
    "day": "M",
    "record": {
      "high": 62,
      "low": 15
    },
    "normal": {
      "high": 50,
      "low": 38
    },
    "actual": {
      "high": 48,
      "low": 36
    },
    "id": 0
  },
  {
    "day": "T",
    "record": {
      "high": 62,
      "low": 23
    },
    "normal": {
      "high": 50,
      "low": 38
    },
    "actual": {
      "high": 50,
      "low": 40
    },
    "id": 1
  },
  {
    "day": "W",
    "record": {
      "high": 61,
      "low": 20
    },
    "normal": {
      "high": 50,
      "low": 38
    },
    "actual": {
      "high": 55,
      "low": 36
    },
    "id": 2
  },
  {
    "day": "T",
    "record": {
      "high": 67,
      "low": 21
    },
    "normal": {
      "high": 50,
      "low": 38
    },
    "actual": {
      "high": 51,
      "low": 33
    },
    "id": 3
  },
  {
    "day": "F",
    "record": {
      "high": 61,
      "low": 23
    },
    "normal": {
      "high": 50,
      "low": 38
    },
    "actual": {
      "high": 50,
      "low": 30
    },
    "id": 4
  },
  {
    "day": "S",
    "record": {
      "high": 67,
      "low": 20
    },
    "normal": {
      "high": 50,
      "low": 38
    },
    "forecast": {
      "high": {
        "high": 53,
        "low": 49
      },
      "low": {
        "high": 40,
        "low": 35
      }
    },
    "id": 5
  },
  {
    "day": "S",
    "record": {
      "high": 63,
      "low": 23
    },
    "normal": {
      "high": 50,
      "low": 39
    },
    "forecast": {
      "high": {
        "high": 55,
        "low": 49
      },
      "low": {
        "high": 42,
        "low": 37
      }
    },
    "id": 6
  },
  {
    "day": "M",
    "record": {
      "high": 61,
      "low": 26
    },
    "normal": {
      "high": 51,
      "low": 39
    },
    "forecast": {
      "high": {
        "high": 53,
        "low": 49
      },
      "low": {
        "high": 43,
        "low": 40
      }
    },
    "id": 7
  },
  {
    "day": "T",
    "record": {
      "high": 61,
      "low": 24
    },
    "normal": {
      "high": 51,
      "low": 39
    },
    "forecast": {
      "high": {
        "high": 52,
        "low": 46
      },
      "low": {
        "high": 44,
        "low": 40
      }
    },
    "id": 8
  },
  {
    "day": "W",
    "record": {
      "high": 63,
      "low": 20
    },
    "normal": {
      "high": 51,
      "low": 39
    },
    "forecast": {
      "high": {
        "high": 53,
        "low": 46
      },
      "low": {
        "high": 43,
        "low": 38
      }
    },
    "id": 9
  }
]