{
  "data": {"url": "data/seattle-weather.csv", "formatType": "csv"},
  "mark": "bar",
  "encoding": {
    "x": {
      "field": "date",
      "type": "temporal",
      "timeUnit": "month",
      "axis": {"title": "Month of the year"}
    },
    "y": {
      "field": "*",
      "type": "quantitative",
      "aggregate": "count"
    },
    "color": {
      "field": "weather",
      "type": "nominal",
      "scale": {
        "domain": ["sun","fog","drizzle","rain","snow"],
        "range": ["#e7ba52","#c7c7c7","#aec7e8","#1f77b4","#9467bd"]
      },
      "legend": {
        "title": "Weather type"
      }
    }
  }
}
