{
  "description": "A trellis bar chart showing the US population distribution of age groups and gender in 2000.",
  "data": { "url": "data/population.json"},
  "transform": {
    "filter": "datum.year == 2000",
    "calculate": [{"field": "gender", "expr": "datum.sex == 2 ? \"Female\" : \"Male\""}]
  },
  "facet": {
    "row": {"field": "gender", "type": "nominal"}
  },
  "spec": {
    "mark": "bar",
    "encoding": {
      "y": {
        "aggregate": "sum", "field": "people", "type": "quantitative",
        "axis": {"title": "population"}
      },
      "x": {
        "field": "age", "type": "ordinal",
        "scale": {"bandSize": 17}
      },
      "color": {
        "field": "gender", "type": "nominal",
        "scale": {"range": ["#EA98D2","#659CCA"]}
      }
    }
  }
}
