{
  "width": 200,
  "height": 720,
  "data": [
    {
      "name": "barley",
      "url": "data/barley.json"
    }
  ],
  "scales": [
    {
      "name": "g",
      "type": "ordinal",
      "range": "height",
      "padding": 0.15,
      "domain": {
        "data": "barley", "field": "site",
        "sort": {"field": "yield", "op": "median"}
      },
      "reverse": true
    },
    {
      "name": "x",
      "type": "linear",
      "nice": true,
      "range": "width",
      "domain": {"data": "barley", "field": "yield"}
    },
    {
      "name": "c",
      "type": "ordinal",
      "range": "category10",
      "domain": {"data": "barley", "field": "year"}
    }
  ],
  "axes": [
    {"type": "x", "scale": "x"}
  ],
  "legends": [
    {"fill": "c", "title": "year"}
  ],
  "marks": [
    {
      "name": "sites",
      "type": "group",
      "from": {
        "data": "barley",
        "transform": [{"type": "facet", "groupby": ["site"]}]
      },
      "scales": [
        {
          "name": "y",
          "type": "ordinal",
          "range": "height",
          "points": true,
          "padding": 1.2,
          "domain": {
            "data": "barley", "field": "variety",
            "sort": {"field": "yield", "op": "median"}
          },
          "reverse": true
        }
      ],
      "axes": [
        {
          "type": "y",
          "scale": "y",
          "tickSize": 0,
          "properties": {"axis": {"stroke": {"value": "transparent"}}}
        }
      ],
      "properties": {
        "enter": {
          "x": {"value": 0.5},
          "y": {"scale": "g", "field": "key"},
          "height": {"scale": "g", "band": true},
          "width": {"field": {"group": "width"}},
          "stroke": {"value": "#ccc"}
        }
      },
      "marks": [
        {
          "type": "symbol",
          "properties": {
            "enter": {
              "x": {"scale": "x", "field": "yield"},
              "y": {"scale": "y", "field": "variety"},
              "size": {"value": 50},
              "stroke": {"scale": "c", "field": "year"},
              "strokeWidth": {"value": 2}
            }
          }
        }
      ]
    },
    {
      "type": "text",
      "from": {"mark": "sites"},
      "properties": {
        "enter": {
          "x": {"field": {"group": "width"}, "mult": 0.5},
          "y": {"field": "y", "offset": -2},
          "fontWeight": {"value": "bold"},
          "text": {"field": "datum.site"},
          "align": {"value": "center"},
          "baseline": {"value": "bottom"},
          "fill": {"value": "#000"}
        }
      }
    }
  ]
}