{
  "width": 960,
  "height": 500,
  "data": [
    {
      "name": "unemp",
      "url": "data/unemployment.tsv",
      "format": {"type": "tsv", "parse": "auto"}
    },
    {
      "name": "counties",
      "url": "data/us-10m.json",
      "format": {"type": "topojson", "feature": "counties"},
      "transform": [
        { "type": "geopath", "projection": "albersUsa" },
        { "type": "lookup", "on": "unemp", "onKey": "id",
          "keys": ["id"], "as": ["unemp"] },
        { "type": "filter",
          "test": "datum.layout_path!=null && datum.unemp!=null" }
      ]
    }
  ],
  "scales": [
    {
      "name": "color",
      "type": "quantize",
      "domain": [0, 0.15],
      "range": ["#f7fbff", "#deebf7", "#c6dbef", "#9ecae1", "#6baed6",
                "#4292c6", "#2171b5", "#08519c", "#08306b"]
    }
  ],
  "marks": [
    {
      "type": "path",
      "from": {"data": "counties"},
      "properties": {
        "enter": { "path": {"field": "layout_path"} },
        "update": { "fill": {"scale": "color", "field": "unemp.rate"} },
        "hover": { "fill": {"value": "red"} }
      }
    }
  ]
}