{
  "url": "app/spec/vega/force_drag.json",
  "parameters": [
    {
      "name": "distance",
      "signal": "linkDistance", "type": "range",
      "value": 30, "min": 10, "max": 200,
      "rewrite": ["data[2].transform[0].linkDistance"]
    },
    {
      "name": "strength",
      "signal": "linkStrength", "type": "range",
      "value": 0.5, "min": 0.1, "max": 2,
      "rewrite": ["data[2].transform[0].linkStrength"]
    },
    {
      "signal": "charge", "type": "range",
      "value": -80, "min": -200, "max": 100,
      "rewrite": ["data[2].transform[0].charge"]
    },
    {
      "signal": "gravity", "type": "range",
      "value": 0.1, "min": 0, "max": 1,
      "rewrite": ["data[2].transform[0].gravity"]
    },
    {
      "signal": "interactive", "type": "checkbox", "value": true,
      "rewrite": ["data[2].transform[0].interactive"]
    }
  ]
}
