{
  "parameters": [
    { 
      "signal": "rotate", "type": "range",
      "value": 0, "min": -360, "max": 360
    }
  ],
  "spec": {
    "width": 800,
    "height": 500,
    "padding": 0,
    "signals": [
      {
        "name": "down", "init": {},
        "streams": [{
          "type": "mousedown",
          "expr": "{angle: rotate, x: eventX()}"
        }]
      },
      {
        "name": "rotate", "init": 0,
        "streams": [{
          "type": "[mousedown, window:mouseup] > window:mousemove",
          "expr": "(down.angle + (eventX() - down.x)) % 360"
        }]
      }
    ],
    "data": [
      {
        "name": "world",
        "url": "data/world-110m.json",
        "format": {"type": "topojson", "feature": "countries"},
        "transform": [{
          "type": "geopath",
          "projection": "winkel3",
          "rotate": {"signal": "rotate"},
          "scale": 170,
          "translate": [400, 250]
        }]
      }
    ],
    "marks": [
      {
        "type": "path",
        "from": {"data": "world"},
        "properties": {
          "enter": {
            "stroke": {"value": "#fff"}
          },
          "update": {
            "path": {"field": "layout_path"},
            "fill": {"value": "#ccc"}
          },
          "hover": {
            "fill": {"value": "pink"}
          }
        }
      }
    ]
  }
}