{
  "width": 640,
  "height": 400,
  "data": [
    {
      "name": "pop2000",
      "url": "data/population.json",
      "transform": [
        {"type": "filter", "test": "datum.year == 2000"}
      ]
    }
  ],
  "scales": [
    {
      "name": "g",
      "type": "ordinal",
      "domain": [2, 1],
      "range": "width"
    },
    {
      "name": "y",
      "type": "ordinal",
      "range": "height",
      "reverse": true,
      "domain": {"data": "pop2000", "field": "age"}
    },
    {
      "name": "c",
      "type": "ordinal",
      "domain": [1, 2],
      "range": ["#1f77b4", "#e377c2"]
    }
  ],
  "marks": [
    {
      "type": "text",
      "interactive": false,
      "from": {
        "data": "pop2000",
        "transform": [{"type":"aggregate", "groupby":["age"]}]
      },
      "properties": {
        "enter": {
          "x": {"field": {"group": "width"}, "mult": 0.5, "offset": -15},
          "y": {"scale": "y", "field": "age", "offset": 11},
          "text": {"field": "age"},
          "baseline": {"value": "middle"},
          "align": {"value": "center"},
          "fill": {"value": "#000"}
        }
      }
    },
    {
      "type": "group",
      "from": {
        "data": "pop2000",
        "transform": [
          {"type":"facet", "groupby": ["sex"]},
          {"type":"formula", "field":"reverse", "expr":"datum.key==2"}
        ]
      },
      "properties": {
        "update": {
          "x": {"scale": "g", "field": "key"},
          "y": {"value": 0},
          "width": {"scale": "g", "band": true, "offset": -30},
          "height": {"field": {"group": "height"}}
        }
      },
      "scales": [
        {
          "name": "x",
          "type": "linear",
          "range": "width",
          "reverse": {"field": "reverse"},
          "nice": true,
          "domain": {"data": "pop2000", "field": "people"}
        }
      ],
      "axes": [
        {"type": "x", "scale": "x", "format": "s"}
      ],
      "marks": [
        {
          "type": "rect",
          "properties": {
            "enter": {
              "x": {"scale": "x", "field": "people"},
              "x2": {"scale": "x", "value": 0},
              "y": {"scale": "y", "field": "age"},
              "height": {"scale": "y", "band": true, "offset": -1},
              "fillOpacity": {"value": 0.6},
              "fill": {"scale": "c", "field": "sex"}
            }
          }
        }
      ]
    }
  ]
}
