{
  "width": 250,
  "height": 200,
  "data": [
    {
      "name": "weather",
      "url": "data/weather.json"
    }
  ],
  "scales": [
    {
      "name": "x",
      "type": "ordinal",
      "range": "width",
      "padding": 0.1, "round": true,
      "domain": {"data": "weather", "field": "id"}
    },
    {
      "name": "y", 
      "type": "linear",
      "range": "height",
      "nice": true, "zero": false, "round": true,
      "domain": {
        "data": "weather",
        "field": ["record.low", "record.high"]
      }
    }
  ],
  "axes": [
    { "type": "y", "scale": "y", "ticks": 3, "tickSize": 0,
      "orient": "right", "grid": true,
      "properties": {
        "grid": {"stroke": {"value": "white"}, "strokeWidth": {"value": 2}},
        "axis": {"stroke": {"value": "transparent"}}
      }
    }
  ],
  "marks": [
    {
      "type": "text",
      "from": {"data": "weather"},
      "properties": {
        "enter": {
          "x": {"scale": "x", "field": "id"},
          "dx": {"scale": "x", "band": true, "mult": 0.5},
          "y": {"value": 0},
          "fill": {"value": "#000"},
          "text": {"field": "day"},
          "align": {"value": "center"},
          "baseline": {"value": "bottom"}
        }
      }
    },
    {
      "type": "rect",
      "from": {"data": "weather"},
      "properties": {
        "enter": {
          "x": {"scale": "x", "field": "id"},
          "width": {"scale": "x", "band": true, "offset": -1},
          "y": {"scale": "y", "field": "record.low"},
          "y2": {"scale": "y", "field": "record.high"},
          "fill": {"value": "#ccc"}
        }
      }
    },
    {
      "type": "rect",
      "from": {"data": "weather"},
      "properties": {
        "enter": {
          "x": {"scale": "x", "field": "id"},
          "width": {"scale": "x", "band": true, "offset": -1},
          "y": {"scale": "y", "field": "normal.low"},
          "y2": {"scale": "y", "field": "normal.high"},
          "fill": {"value": "#999"}
        }
      }
    },
    {
      "type": "rect",
      "from": {
        "data": "weather",
        "transform": [{"type":"filter", "test":"datum.actual"}]
      },
      "properties": {
        "enter": {
          "x": {"scale": "x", "field": "id", "offset": 4},
          "width": {"scale": "x", "band": true, "offset": -8},
          "y": {"scale": "y", "field": "actual.low"},
          "y2": {"scale": "y", "field": "actual.high"},
          "fill": {"value": "#000"}
        }
      }
    },
    {
      "type": "rect",
      "from": {
        "data": "weather",
        "transform": [{"type":"filter", "test":"datum.forecast"}]
      },
      "properties": {
        "enter": {
          "x": {"scale": "x", "field": "id", "offset": 9},
          "width": {"scale": "x", "band": true, "offset": -18},
          "y": {"scale": "y", "field": "forecast.low.low"},
          "y2": {"scale": "y", "field": "forecast.high.high"},
          "fill": {"value": "#000"}
        }
      }
    },
    {
      "type": "rect",
      "from": {
        "data": "weather",
        "transform": [{"type":"filter", "test":"datum.forecast"}]
      },
      "properties": {
        "enter": {
          "x": {"scale": "x", "field": "id", "offset": 4},
          "width": {"scale": "x", "band": true, "offset": -8},
          "y": {"scale": "y", "field": "forecast.low.low"},
          "y2": {"scale": "y", "field": "forecast.low.high"},
          "fill": {"value": "#000"}
        }
      }
    },
    {
      "type": "rect",
      "from": {
        "data": "weather",
        "transform": [{"type":"filter", "test":"datum.forecast"}]
      },
      "properties": {
        "enter": {
          "x": {"scale": "x", "field": "id", "offset": 4},
          "width": {"scale": "x", "band": true, "offset": -8},
          "y": {"scale": "y", "field": "forecast.high.low"},
          "y2": {"scale": "y", "field": "forecast.high.high"},
          "fill": {"value": "#000"}
        }
      }
    }
  ]
}
