{
  "data": {"url": "data/barley.json"},
  "description": "Slope graph showing the change in yield for different barley sites. It shows the error in the year labels for the Morris site.",
  "mark": "line",
  "encoding": {
    "x": {
      "field": "year",
      "type": "ordinal",
      "scale": {"bandSize": 50, "padding": 0.5}
    },
    "y": {
      "aggregate": "median",
      "field": "yield",
      "type": "quantitative"
    },
    "color": {"field": "site", "type": "nominal"}
  }
}